matheus matheus@xyz.com.br 11 2
joao joao@xyz.com.br 4 8
pedro pedro@xyz.com.br 5 2
lucas lucas@xyz.com.br 9 10
jean jean@xyz.com.br 3 10
thiago thiago@xyz.com.br 7 12
jorge jorge@xyz.com.br 20 10
carlos carlos@xyz.com.br 6 4
maria maria@xyz.com.br 16 11
jose jose@xyz.com.br 17 8
